{
  "mean": [
    0.022343799025342212,
    172.08531086525213,
    21168.469554418392,
    3.4049591296423727,
    6.038775634664109,
    4.027482244928509,
    8.296660771410037,
    0.13206114064899568,
    0.01294554002583564,
    5.227752798398856,
    6.7935311108770255,
    9.095713834263822,
    9.35588315194793,
    1.3226461016460518,
    14392.116099594725,
    98.53442994839523,
    580.504590810435,
    657006.2085671604,
    6.752521192431156,
    121.39996451757766,
    18.55563255734015,
    1003526140.1435486,
    84.87628277272954,
    1.2520695452373165,
    119.43373934834314,
    0.4777541844309784,
    0.09999944558715093,
    72850.42359913733,
    0.012912275254891307,
    0.0,
    0.8248720692350766,
    0.014292763249081061,
    9.511112388004996,
    0.3380314486585644,
    10.488590540080018,
    6.834007499262929,
    1.4171743156038779,
    121.8789328661481,
    119.42555067056234,
    0.7043478938411092,
    110.13299809836393,
    115.5854211597208,
    91075.04186099234,
    1944.612786977951,
    8532.123451109102,
    1.5573013400158562,
    918.4043925331854,
    5480.909256971808,
    70499628.05450039,
    4.876205154930671,
    138.06264310781665,
    19.75316985546457,
    3.325989211125957,
    55.498655548841,
    1007821623.092659,
    180.02005311275093,
    121.87074418836731,
    0.023651316408957093,
    0.04599511543429931,
    212818.04136195875,
    22924.239550703827,
    6061.413847782244,
    11.628726347361827,
    38.30880241280472,
    0.10225036175438403,
    0.4686763515539718
  ],
  "scale": [
    0.045282676597133954,
    215.1730987954505,
    226954.97434425127,
    15.447926963102738,
    8.167189337014051,
    5.834850252219923,
    11.101680921436202,
    0.6744216088304918,
    0.1167554040866302,
    8.15364254556082,
    8.394680771495084,
    10.857954682527268,
    10.81129537534873,
    0.9887073402873444,
    149558.07945301305,
    1080.5525146283887,
    4027.121310171168,
    2409777.9794413736,
    54.99847750446775,
    253.59279238738992,
    114.47952216049823,
    1364047926.9802299,
    112.80201719702208,
    5.98896870345663,
    127.24196262602814,
    0.49950626320978936,
    0.3000000924021258,
    48957.67152469736,
    0.11642622691347561,
    0.0,
    0.38007754410099454,
    0.1186952327457342,
    15.023536615829522,
    0.6298344470040944,
    2.6577971407291874,
    2.1508898826534963,
    19.296860676987,
    127.37525576504655,
    127.2390334829109,
    0.8769191976486403,
    21.328584413980103,
    23.87086902248607,
    160210.20049543332,
    48631.95164800859,
    173405.2431681717,
    2.2508196310406188,
    6945.157168598669,
    49135.06230749406,
    187063469.36073992,
    65.3900902762099,
    206.71828740484995,
    135.64054820856003,
    0.8475826859155973,
    57.12328308724645,
    1368791917.2753403,
    102.47963728161015,
    127.37248688778325,
    0.054129588581632644,
    0.09262474511384924,
    402440.7889631653,
    230112.29370192488,
    51248.35146074454,
    86.12889214151792,
    208.0904511097738,
    0.6953986556116947,
    0.5010117978728185
  ],
  "n_features": 66
}